,timestamp,tag,duration,package_0,package_1,dram_0,dram_1,nvidia_gpu_0
0,1614743825.5616167,forward,0.006529569625854492,193786.0,304198.0,53244.0,65728.0,0
1,1614743825.5681462,loss,0.001194000244140625,64819.0,101379.0,7711.0,9594.0,0
2,1614743825.5693402,backward,0.005755424499511719,161560.0,251708.0,38005.0,45716.0,1996
3,1614743825.5750957,step,0.010060787200927734,322142.0,509826.0,76148.0,93835.0,0
4,1614743825.5851564,overhead,0.0007374286651611328,33692.0,64819.0,7528.0,9455.0,0
5,1614743831.6801748,forward,0.006078481674194336,189453.0,333496.0,45304.0,57238.0,794
6,1614743831.6862533,loss,0.0020554065704345703,63843.0,112426.0,15376.0,19415.0,0
7,1614743831.6883087,backward,0.005833148956298828,200561.0,336486.0,45533.0,57957.0,0
8,1614743831.6941419,step,0.009403705596923828,284667.0,570372.0,76332.0,95196.0,0
9,1614743831.7035456,overhead,0.0006968975067138672,32470.0,0.0,0.0,0.0,0
10,1614743837.368562,forward,0.006114006042480469,228271.0,350158.0,45808.0,63709.0,0
11,1614743837.374676,loss,0.001222372055053711,36376.0,56884.0,7574.0,10695.0,0
12,1614743837.3758984,backward,0.005767107009887695,160217.0,346557.0,45716.0,62500.0,2134
13,1614743837.3816655,step,0.010099172592163086,352600.0,583617.0,76194.0,100445.0,0
14,1614743837.3917646,overhead,0.0007183551788330078,0.0,54443.0,0.0,9929.0,0
15,1614743843.094768,forward,0.00616765022277832,194579.0,340637.0,45762.0,59211.0,0
16,1614743843.1009357,loss,0.0012421607971191406,33325.0,55542.0,7803.0,19599.0,0
17,1614743843.1021779,backward,0.0057239532470703125,192016.0,343383.0,45533.0,49082.0,0
18,1614743843.1079018,step,0.009362459182739258,259887.0,556761.0,68483.0,94845.0,4342
19,1614743843.1172643,overhead,0.0012853145599365234,63233.0,58716.0,6931.0,9180.0,0
20,1614743848.7250998,forward,0.005981922149658203,195190.0,340209.0,45624.0,57911.0,0
21,1614743848.7310817,loss,0.0012080669403076172,30884.0,57678.0,7666.0,10281.0,0
22,1614743848.7322898,backward,0.005658149719238281,194213.0,338012.0,45716.0,56809.0,0
23,1614743848.737948,step,0.009396791458129883,290222.0,509459.0,67932.0,85741.0,4580
24,1614743848.7473447,overhead,0.0013000965118408203,31616.0,112182.0,15239.0,19125.0,0
25,1614743854.3323312,forward,0.006305217742919922,191833.0,382262.0,45716.0,65346.0,804
26,1614743854.3386364,loss,0.0019843578338623047,65673.0,102050.0,15239.0,21436.0,0
27,1614743854.3406208,backward,0.006051301956176758,191101.0,325561.0,45625.0,63755.0,0
28,1614743854.346672,step,0.009580135345458984,321349.0,486327.0,76178.0,97246.0,3724
29,1614743854.3562522,overhead,0.0014050006866455078,31922.0,60486.0,7803.0,20013.0,0
30,1614743860.0212426,forward,0.006101846694946289,191101.0,323059.0,45763.0,57192.0,827
31,1614743860.0273445,loss,0.0021555423736572266,65674.0,106384.0,15238.0,19553.0,0
32,1614743860.0295,backward,0.005684375762939453,193847.0,323668.0,45717.0,56732.0,0
33,1614743860.0351844,step,0.009364843368530273,289306.0,486388.0,68574.0,85283.0,0
34,1614743860.0445492,overhead,0.0006847381591796875,0.0,53223.0,7620.0,9333.0,0
35,1614743865.743651,forward,0.006062746047973633,192504.0,357116.0,45716.0,67687.0,0
36,1614743865.7497137,loss,0.0011408329010009766,32410.0,54260.0,7620.0,9287.0,0
37,1614743865.7508545,backward,0.005643367767333984,194580.0,343017.0,45716.0,47415.0,0
38,1614743865.7564979,step,0.009365081787109375,290953.0,566771.0,68483.0,96818.0,4188
39,1614743865.765863,overhead,0.0012598037719726562,30884.0,56335.0,7619.0,9395.0,0
40,1614743871.3747056,forward,0.0059740543365478516,193359.0,254882.0,45624.0,52999.0,809
41,1614743871.3806796,loss,0.0018079280853271484,63049.0,85937.0,15239.0,17167.0,0
42,1614743871.3824875,backward,0.01272726058959961,419371.0,531310.0,98961.0,113603.0,3342
43,1614743871.3952148,step,0.010912895202636719,355041.0,459654.0,83813.0,95548.0,0
44,1614743871.4061277,overhead,0.000598907470703125,0.0,0.0,0.0,0.0,0
45,1614743879.3032565,forward,0.006216764450073242,193664.0,333251.0,45808.0,59532.0,0
46,1614743879.3094733,loss,0.0012218952178955078,32471.0,61096.0,15331.0,10374.0,1880
47,1614743879.3106952,backward,0.011604070663452148,387328.0,667479.0,83859.0,116218.0,0
48,1614743879.3222992,step,0.009540557861328125,323119.0,506407.0,76194.0,85788.0,3774
49,1614743879.3318398,overhead,0.0021622180938720703,63111.0,112488.0,15147.0,19186.0,0
50,1614743885.0651417,forward,0.006166934967041016,227417.0,420714.0,45671.0,81197.0,0
51,1614743885.0713086,loss,0.0012269020080566406,32348.0,57312.0,7803.0,10878.0,0
52,1614743885.0725355,backward,0.005827188491821289,191345.0,356811.0,45624.0,67106.0,2286
53,1614743885.0783627,step,0.01069784164428711,323913.0,579954.0,76286.0,100965.0,0
54,1614743885.0890605,overhead,0.0006823539733886719,32592.0,56885.0,7619.0,9930.0,0
55,1614743890.6982894,forward,0.006101846694946289,191650.0,326232.0,45808.0,55004.0,806
56,1614743890.7043912,loss,0.001859426498413086,64086.0,105041.0,15284.0,19461.0,0
57,1614743890.7062507,backward,0.0057604312896728516,193481.0,257141.0,45855.0,52326.0,0
58,1614743890.712011,step,0.009385347366333008,286316.0,527281.0,68666.0,81335.0,3645
59,1614743890.7213964,overhead,0.0013043880462646484,32043.0,54626.0,7665.0,8629.0,0
60,1614743896.397478,forward,0.0060825347900390625,192809.0,320555.0,45731.0,56732.0,0
61,1614743896.4035606,loss,0.0011832714080810547,32410.0,53284.0,7666.0,9180.0,0
62,1614743896.404744,backward,0.005690097808837891,193420.0,329284.0,45716.0,58278.0,0
63,1614743896.410434,step,0.009360074996948242,290099.0,494444.0,68621.0,95472.0,4609
64,1614743896.419794,overhead,0.0013530254364013672,32837.0,103455.0,15238.0,9134.0,0
65,1614743901.9662457,forward,0.006125211715698242,193664.0,308471.0,45762.0,56074.0,0
66,1614743901.9723709,loss,0.0012085437774658203,34058.0,51025.0,15376.0,9548.0,0
67,1614743901.9735794,backward,0.005725383758544922,192626.0,322143.0,38051.0,55263.0,0
68,1614743901.9793048,step,0.009421586990356445,320434.0,457946.0,76149.0,85282.0,4500
69,1614743901.9887264,overhead,0.0013477802276611328,33752.0,36499.0,7619.0,9594.0,0
70,1614743907.5521367,forward,0.0060613155364990234,195068.0,337645.0,45671.0,54896.0,740
71,1614743907.558198,loss,0.0018472671508789062,62500.0,111084.0,7665.0,19829.0,0
72,1614743907.5600452,backward,0.00567626953125,196593.0,343383.0,45579.0,57467.0,0
73,1614743907.5657215,step,0.009439468383789062,290649.0,528380.0,68483.0,88174.0,0
74,1614743907.575161,overhead,0.0006341934204101562,32837.0,59753.0,7619.0,9562.0,4252
75,1614743913.288625,forward,0.006585121154785156,194396.0,356750.0,45854.0,66065.0,0
76,1614743913.2952101,loss,0.0012066364288330078,32532.0,51757.0,15284.0,9180.0,0
77,1614743913.2964168,backward,0.005716085433959961,193420.0,252685.0,38097.0,56105.0,0
78,1614743913.3021328,step,0.009356260299682617,322753.0,505797.0,76103.0,84089.0,4612
79,1614743913.311489,overhead,0.0012760162353515625,32531.0,53528.0,7619.0,8904.0,0
80,1614743919.4094617,forward,0.006073951721191406,192688.0,349303.0,45762.0,56717.0,0
81,1614743919.4155357,loss,0.0011868476867675781,33020.0,54810.0,15239.0,9608.0,0
82,1614743919.4167225,backward,0.0058252811431884766,193908.0,349669.0,38097.0,57421.0,2172
83,1614743919.4225478,step,0.010149955749511719,323668.0,584960.0,83859.0,97783.0,0
84,1614743919.4326978,overhead,0.0007116794586181641,31372.0,55908.0,0.0,9486.0,0
85,1614743925.2014766,forward,0.005912065505981445,198363.0,267089.0,45671.0,55508.0,0
86,1614743925.2073886,loss,0.0010499954223632812,30579.0,34302.0,7711.0,0.0,0
87,1614743925.2084386,backward,0.012747764587402344,384703.0,569395.0,99052.0,117474.0,3753
88,1614743925.2211864,step,0.009748458862304688,323364.0,447692.0,68728.0,90851.0,0
89,1614743925.2309349,overhead,0.0006046295166015625,34424.0,0.0,7527.0,0.0,2674
90,1614743933.0299575,forward,0.0061283111572265625,194213.0,322448.0,45716.0,58828.0,0
91,1614743933.0360858,loss,0.0012350082397460938,32593.0,0.0,7620.0,10511.0,0
92,1614743933.0373209,backward,0.005906820297241211,193115.0,373107.0,53412.0,58431.0,0
93,1614743933.0432277,step,0.009484052658081055,322753.0,479857.0,68483.0,88266.0,4379
94,1614743933.0527117,overhead,0.0013010501861572266,31372.0,52490.0,7619.0,9012.0,0
95,1614743938.6242955,forward,0.0061931610107421875,192932.0,329833.0,45854.0,58523.0,0
96,1614743938.6304886,loss,0.0011560916900634766,33203.0,54687.0,7666.0,9348.0,0
97,1614743938.6316447,backward,0.005717754364013672,193969.0,330078.0,45624.0,58798.0,0
98,1614743938.6373625,step,0.009387493133544922,289001.0,479857.0,68575.0,83905.0,4322
99,1614743938.64675,overhead,0.0013306140899658203,0.0,54748.0,7619.0,9318.0,0
100,1614743944.1843712,forward,0.006078243255615234,192321.0,300841.0,45762.0,66035.0,901
101,1614743944.1904495,loss,0.0025005340576171875,96496.0,152893.0,22767.0,18268.0,0
102,1614743944.19295,backward,0.0058252811431884766,192505.0,287536.0,45624.0,55921.0,0
103,1614743944.1987753,step,0.009330272674560547,292480.0,458434.0,68483.0,84762.0,0
104,1614743944.2081056,overhead,0.0006818771362304688,0.0,0.0,7665.0,0.0,0
105,1614743949.7052178,forward,0.006125688552856445,194579.0,341796.0,45579.0,57436.0,0
106,1614743949.7113435,loss,0.001226186752319336,30823.0,55664.0,7711.0,9685.0,0
107,1614743949.7125697,backward,0.005671977996826172,194641.0,339050.0,45808.0,57253.0,0
108,1614743949.7182417,step,0.009380102157592773,290343.0,504637.0,68529.0,96038.0,4271
109,1614743949.7276218,overhead,0.0013506412506103516,32044.0,110778.0,7620.0,9562.0,0
110,1614743955.3250844,forward,0.006076812744140625,193603.0,334777.0,45671.0,56870.0,928
111,1614743955.3311613,loss,0.0026700496673583984,63537.0,166076.0,22904.0,19905.0,0
112,1614743955.3338313,backward,0.005741596221923828,192932.0,335143.0,38097.0,58477.0,0
113,1614743955.339573,step,0.009311199188232422,291076.0,503234.0,76148.0,84854.0,0
114,1614743955.348884,overhead,0.0006928443908691406,33874.0,59570.0,0.0,9914.0,0
115,1614743960.8950868,forward,0.0061457157135009766,192321.0,324645.0,45854.0,56213.0,0
116,1614743960.9012325,loss,0.0012433528900146484,33386.0,53833.0,15331.0,10511.0,1212
117,1614743960.9024758,backward,0.007394075393676758,259399.0,364928.0,52601.0,66187.0,0
118,1614743960.90987,step,0.009386777877807617,289428.0,538024.0,68621.0,95274.0,0
119,1614743960.9192567,overhead,0.0007123947143554688,33325.0,0.0,7527.0,0.0,0
120,1614743966.9561045,forward,0.00607752799987793,226074.0,405150.0,45854.0,70594.0,0
121,1614743966.962182,loss,0.001180410385131836,31921.0,63476.0,7711.0,9562.0,0
122,1614743966.9633625,backward,0.005752086639404297,160461.0,277954.0,45717.0,48777.0,0
123,1614743966.9691145,step,0.009312152862548828,324645.0,577513.0,68391.0,96527.0,4372
124,1614743966.9784267,overhead,0.0012993812561035156,31311.0,58715.0,7665.0,9502.0,0
125,1614743972.5653708,forward,0.006056308746337891,194945.0,335021.0,45854.0,57727.0,816
126,1614743972.571427,loss,0.0018031597137451172,31067.0,115600.0,11475.0,9639.0,0
127,1614743972.5732303,backward,0.0056574344635009766,194824.0,328857.0,41968.0,56946.0,0
128,1614743972.5788877,step,0.009359359741210938,319518.0,503722.0,76102.0,85175.0,3695
129,1614743972.588247,overhead,0.0013103485107421875,31189.0,53161.0,7711.0,19554.0,0
130,1614743978.034395,forward,0.0059092044830322266,193481.0,272460.0,45624.0,44967.0,713
131,1614743978.0403042,loss,0.0017309188842773438,65857.0,88379.0,15208.0,17855.0,0
132,1614743978.042035,backward,0.012680768966674805,385191.0,571409.0,98869.0,113633.0,0
133,1614743978.0547159,step,0.00920248031616211,290893.0,408202.0,68483.0,78948.0,5004
134,1614743978.0639184,overhead,0.0011687278747558594,65857.0,41932.0,7619.0,8813.0,0
135,1614743985.9964461,forward,0.006062507629394531,192199.0,304809.0,45625.0,56212.0,0
136,1614743986.0025086,loss,0.0012295246124267578,65979.0,53040.0,7665.0,9547.0,0
137,1614743986.0037382,backward,0.0056915283203125,164550.0,305907.0,45808.0,56549.0,0
138,1614743986.0094297,step,0.009361028671264648,321960.0,459349.0,68575.0,84226.0,4341
139,1614743986.0187907,overhead,0.0014355182647705078,32470.0,101441.0,7665.0,18544.0,0
140,1614743991.7099617,forward,0.006147861480712891,193969.0,340942.0,45808.0,57895.0,0
141,1614743991.7161095,loss,0.0012216567993164062,35095.0,54992.0,7620.0,9731.0,0
142,1614743991.7173312,backward,0.00576019287109375,194153.0,339233.0,45762.0,57436.0,0
143,1614743991.7230914,step,0.009418010711669922,287047.0,505675.0,68620.0,85711.0,4597
144,1614743991.7325094,overhead,0.0023834705352783203,65613.0,114685.0,15285.0,18711.0,0
145,1614743997.3711326,forward,0.0060503482818603516,192077.0,338378.0,45808.0,57543.0,0
146,1614743997.377183,loss,0.001172780990600586,34118.0,59998.0,7620.0,9639.0,1119
147,1614743997.3783557,backward,0.0074405670166015625,225403.0,453429.0,53335.0,75659.0,0
148,1614743997.3857963,step,0.009629011154174805,322936.0,512816.0,76240.0,84364.0,0
149,1614743997.3954253,overhead,0.0006504058837890625,0.0,56152.0,7757.0,9777.0,0
150,1614744002.9618266,forward,0.006270647048950195,193542.0,345702.0,45533.0,69279.0,0
151,1614744002.9680972,loss,0.0012025833129882812,33020.0,116394.0,7665.0,9822.0,1240
152,1614744002.9692998,backward,0.007729530334472656,256713.0,405822.0,60956.0,68988.0,0
153,1614744002.9770293,step,0.00938868522644043,290344.0,579466.0,68574.0,99021.0,0
154,1614744002.986418,overhead,0.0007100105285644531,32104.0,0.0,7620.0,0.0,0
155,1614744008.5288813,forward,0.00614619255065918,226562.0,339538.0,45854.0,60450.0,0
156,1614744008.5350275,loss,0.0012202262878417969,36011.0,57800.0,7619.0,19844.0,0
157,1614744008.5362477,backward,0.0057065486907958984,158691.0,346984.0,45533.0,51500.0,2437
158,1614744008.5419543,step,0.012338876724243164,420287.0,757322.0,91157.0,129499.0,0
159,1614744008.5542932,overhead,0.0007269382476806641,0.0,0.0,7681.0,0.0,0
160,1614744014.080748,forward,0.006151676177978516,192626.0,314940.0,45716.0,56580.0,0
161,1614744014.0868998,loss,0.0012159347534179688,32715.0,51026.0,7665.0,19232.0,0
162,1614744014.0881157,backward,0.005774259567260742,194030.0,311339.0,45625.0,47552.0,2365
163,1614744014.09389,step,0.01000356674194336,322692.0,535277.0,76286.0,94814.0,0
164,1614744014.1038935,overhead,0.0006363391876220703,0.0,50842.0,0.0,10053.0,0
165,1614744019.790096,forward,0.006075620651245117,193725.0,322143.0,45808.0,56809.0,0
166,1614744019.7961717,loss,0.0012121200561523438,32410.0,54992.0,7619.0,9195.0,0
167,1614744019.7973838,backward,0.005644798278808594,194641.0,319518.0,45717.0,56778.0,0
168,1614744019.8030286,step,0.009396553039550781,289916.0,475341.0,68574.0,84013.0,4293
169,1614744019.8124251,overhead,0.0014159679412841797,65490.0,53650.0,15239.0,19507.0,0
170,1614744025.3591363,forward,0.0188753604888916,613646.0,1063474.0,144539.0,184243.0,2422
171,1614744025.3780117,loss,0.0018544197082519531,62256.0,111327.0,15376.0,21160.0,428
172,1614744025.3798661,backward,0.00758051872253418,226867.0,455444.0,53061.0,80723.0,0
173,1614744025.3874466,step,0.009356021881103516,323241.0,516844.0,76484.0,87760.0,0
174,1614744025.3968027,overhead,0.0006449222564697266,0.0,58838.0,0.0,10420.0,0
175,1614744030.8516943,forward,0.006289482116699219,194823.0,308471.0,53428.0,52984.0,0
176,1614744030.8579838,loss,0.0010924339294433594,62866.0,42419.0,7619.0,8721.0,0
177,1614744030.8590763,backward,0.012618541717529297,387512.0,515868.0,91433.0,105570.0,3915
178,1614744030.8716948,step,0.01044917106628418,329894.0,478392.0,83630.0,96344.0,0
179,1614744030.882144,overhead,0.0006234645843505859,29663.0,0.0,0.0,0.0,0
180,1614744038.5978959,forward,0.006112337112426758,226012.0,353881.0,45716.0,58828.0,2963
181,1614744038.6040082,loss,0.012558937072753906,386047.0,764464.0,91433.0,135497.0,0
182,1614744038.6165671,backward,0.006157636642456055,192809.0,336791.0,45625.0,57957.0,0
183,1614744038.6227248,step,0.00951075553894043,321105.0,506895.0,76194.0,90285.0,4139
184,1614744038.6322355,overhead,0.0013353824615478516,31372.0,60608.0,7711.0,19737.0,0
185,1614744044.20634,forward,0.006042957305908203,225768.0,346007.0,45074.0,59654.0,0
186,1614744044.212383,loss,0.001165628433227539,31616.0,118042.0,7711.0,19385.0,0
187,1614744044.2135487,backward,0.005673885345458984,194702.0,296325.0,45809.0,48807.0,0
188,1614744044.2192225,step,0.0093536376953125,292174.0,579710.0,68651.0,96605.0,4359
189,1614744044.2285762,overhead,0.0012879371643066406,30518.0,57190.0,7619.0,9914.0,0
190,1614744049.8723836,forward,0.006581306457519531,192321.0,342224.0,45900.0,71206.0,0
191,1614744049.878965,loss,0.0012590885162353516,33203.0,111205.0,7574.0,9685.0,0
192,1614744049.880224,backward,0.005719423294067383,194457.0,279663.0,45900.0,49847.0,0
193,1614744049.8859434,step,0.009507894515991211,320800.0,555662.0,76347.0,96803.0,4687
194,1614744049.8954513,overhead,0.0013155937194824219,33631.0,52918.0,7619.0,9501.0,0
195,1614744055.6214206,forward,0.006094217300415039,196044.0,335509.0,53336.0,59272.0,773
196,1614744055.6275148,loss,0.0018148422241210938,66284.0,113037.0,7711.0,20043.0,0
197,1614744055.6293297,backward,0.005868196487426758,197021.0,340941.0,45625.0,60037.0,0
198,1614744055.6351979,step,0.02270793914794922,752440.0,1278195.0,175062.0,222646.0,6900
199,1614744055.6579058,overhead,0.0013966560363769531,32593.0,116089.0,7650.0,19614.0,0
200,1614744061.2483528,forward,0.00606536865234375,196288.0,387450.0,45732.0,60313.0,0
201,1614744061.2544181,loss,0.001176595687866211,33509.0,66345.0,7588.0,9547.0,1089
202,1614744061.2555947,backward,0.0070078372955322266,225219.0,375793.0,53336.0,66907.0,0
203,1614744061.2626026,step,0.009346961975097656,317443.0,515013.0,76240.0,86537.0,0
204,1614744061.2719495,overhead,0.000652313232421875,0.0,57617.0,0.0,9363.0,0
205,1614744066.8235412,forward,0.006115913391113281,193969.0,356994.0,45716.0,58767.0,724
206,1614744066.829657,loss,0.0018279552459716797,62683.0,119690.0,15331.0,19140.0,0
207,1614744066.831485,backward,0.005791664123535156,162719.0,286925.0,45808.0,57513.0,0
208,1614744066.8372767,step,0.009369373321533203,321594.0,565856.0,68620.0,86001.0,4065
209,1614744066.846646,overhead,0.0023310184478759766,64636.0,115844.0,15285.0,19646.0,0
210,1614744072.5794082,forward,0.006474018096923828,225464.0,413512.0,53412.0,68605.0,0
211,1614744072.5858822,loss,0.0012295246124267578,33508.0,56030.0,7619.0,9180.0,0
212,1614744072.5871117,backward,0.005639791488647461,193176.0,345519.0,45809.0,57666.0,0
213,1614744072.5927515,step,0.009399652481079102,289244.0,517760.0,68391.0,85726.0,4735
214,1614744072.6021512,overhead,0.0012776851654052734,31983.0,54077.0,7619.0,9348.0,0
215,1614744078.1286683,forward,0.006181240081787109,197204.0,399658.0,45869.0,64673.0,822
216,1614744078.1348495,loss,0.0019681453704833984,64758.0,111999.0,15239.0,20104.0,0
217,1614744078.1368177,backward,0.005864620208740234,193054.0,329894.0,45625.0,61047.0,0
218,1614744078.1426823,step,0.009482860565185547,290771.0,497557.0,68528.0,88572.0,3689
219,1614744078.1521652,overhead,0.0017514228820800781,65796.0,107117.0,15239.0,20242.0,0
220,1614744083.6592445,forward,0.005849123001098633,192870.0,267211.0,45854.0,44416.0,734
221,1614744083.6650937,loss,0.0016901493072509766,33081.0,87281.0,7620.0,17640.0,0
222,1614744083.6667838,backward,0.012706995010375977,418090.0,557982.0,99144.0,115362.0,0
223,1614744083.6794908,step,0.00916433334350586,291198.0,401183.0,68574.0,79668.0,5073
224,1614744083.6886551,overhead,0.0011730194091796875,32044.0,43579.0,7620.0,8766.0,0
225,1614744091.3993683,forward,0.019511699676513672,608397.0,1073361.0,144738.0,186722.0,3865
226,1614744091.41888,loss,0.0018908977508544922,63842.0,108521.0,15377.0,18589.0,0
227,1614744091.420771,backward,0.005776643753051758,196350.0,341002.0,45624.0,59349.0,0
228,1614744091.4265475,step,0.009376764297485352,287170.0,499877.0,68651.0,86246.0,0
229,1614744091.4359243,overhead,0.0007052421569824219,35583.0,57434.0,7712.0,9318.0,0
230,1614744097.0154495,forward,0.006111860275268555,195495.0,344787.0,45640.0,57696.0,0
231,1614744097.0215614,loss,0.0011489391326904297,31738.0,55481.0,15239.0,10190.0,0
232,1614744097.0227103,backward,0.005849123001098633,193969.0,341369.0,38097.0,56947.0,2626
233,1614744097.0285594,step,0.011426925659179688,384704.0,676634.0,91570.0,115714.0,0
234,1614744097.0399864,overhead,0.0006453990936279297,0.0,0.0,0.0,0.0,0
235,1614744102.576764,forward,0.005988597869873047,192077.0,342345.0,45763.0,66035.0,699
236,1614744102.5827527,loss,0.0018415451049804688,64453.0,117188.0,15514.0,9455.0,0
237,1614744102.5845942,backward,0.00568699836730957,161987.0,344237.0,45808.0,55815.0,0
238,1614744102.5902812,step,0.009334087371826172,320861.0,508788.0,68590.0,85649.0,0
239,1614744102.5996153,overhead,0.0007119178771972656,0.0,58349.0,0.0,9746.0,4115
240,1614744108.21722,forward,0.006123065948486328,195618.0,356384.0,45854.0,57942.0,0
241,1614744108.2233431,loss,0.0012273788452148438,31921.0,111572.0,7620.0,19369.0,0
242,1614744108.2245705,backward,0.005666494369506836,193908.0,285460.0,45624.0,48012.0,0
243,1614744108.230237,step,0.009325027465820312,288940.0,571044.0,68713.0,96527.0,4444
244,1614744108.239562,overhead,0.0012614727020263672,32898.0,65918.0,7665.0,9318.0,0
245,1614744113.9553628,forward,0.0060770511627197266,192565.0,408324.0,45854.0,58553.0,0
246,1614744113.9614398,loss,0.0011937618255615234,33753.0,68725.0,7665.0,9654.0,0
247,1614744113.9626336,backward,0.005811929702758789,195922.0,290405.0,45717.0,59211.0,2124
248,1614744113.9684455,step,0.01007223129272461,324279.0,572813.0,76331.0,96574.0,0
249,1614744113.9785178,overhead,0.0007076263427734375,33203.0,59326.0,7712.0,0.0,0
250,1614744119.5522854,forward,0.00609588623046875,194092.0,332030.0,45900.0,58523.0,698
251,1614744119.5583813,loss,0.0018880367279052734,65490.0,106506.0,15330.0,19094.0,0
252,1614744119.5602694,backward,0.0056743621826171875,193054.0,333068.0,45824.0,58156.0,0
253,1614744119.5659437,step,0.009383678436279297,289916.0,496825.0,68529.0,83813.0,3843
254,1614744119.5753274,overhead,0.0025424957275390625,65247.0,164062.0,22858.0,28718.0,0
255,1614744125.3342915,forward,0.05030989646911621,1680599.0,2955620.0,382469.0,488926.0,5927
256,1614744125.3846014,loss,0.014837980270385742,507079.0,821348.0,114888.0,137808.0,3280
257,1614744125.3994393,backward,0.022231340408325195,742735.0,1345699.0,168729.0,220855.0,5607
258,1614744125.4216707,step,0.015588045120239258,501463.0,869200.0,114719.0,143851.0,3351
259,1614744125.4372587,overhead,0.0013012886047363281,33630.0,58593.0,15376.0,9333.0,0
260,1614744130.9598975,forward,0.006557941436767578,217346.0,354796.0,45992.0,57834.0,0
261,1614744130.9664555,loss,0.0011625289916992188,40893.0,58838.0,7481.0,10955.0,0
262,1614744130.967618,backward,0.005661725997924805,191284.0,349730.0,45763.0,58629.0,0
263,1614744130.9732797,step,0.009356975555419922,284484.0,520263.0,68942.0,85956.0,4736
264,1614744130.9826367,overhead,0.00128936767578125,40954.0,59143.0,7481.0,18957.0,0
265,1614744136.5064087,forward,0.0059468746185302734,195740.0,239623.0,45717.0,52892.0,704
266,1614744136.5123556,loss,0.0017578601837158203,65185.0,79040.0,15238.0,17351.0,0
267,1614744136.5141134,backward,0.012696504592895508,415343.0,504272.0,99053.0,113985.0,0
268,1614744136.52681,step,0.009145498275756836,292907.0,355712.0,68482.0,77984.0,5340
269,1614744136.5359554,overhead,0.0012249946594238281,31799.0,39001.0,7666.0,8598.0,0
270,1614744144.3158143,forward,0.0191957950592041,611631.0,1102476.0,144768.0,186048.0,0
271,1614744144.33501,loss,0.0012850761413574219,31983.0,57189.0,7757.0,9547.0,0
272,1614744144.3362951,backward,0.0056056976318359375,191894.0,267090.0,45763.0,55722.0,0
273,1614744144.3419008,step,0.009393453598022461,291320.0,552549.0,68620.0,86277.0,4264
274,1614744144.3512943,overhead,0.0012633800506591797,31799.0,58411.0,7711.0,9563.0,0
275,1614744150.0158443,forward,0.007235050201416016,224120.0,414916.0,53565.0,67641.0,0
276,1614744150.0230794,loss,0.0012254714965820312,32166.0,56641.0,7620.0,10236.0,0
277,1614744150.0243049,backward,0.0057544708251953125,194030.0,346251.0,45854.0,56702.0,0
278,1614744150.0300593,step,0.0093841552734375,289916.0,522033.0,76102.0,86827.0,4632
279,1614744150.0394435,overhead,0.0013391971588134766,66345.0,58044.0,7528.0,9272.0,0
280,1614744155.6152523,forward,0.006075859069824219,224121.0,353453.0,45625.0,58140.0,0
281,1614744155.621328,loss,0.0012280941009521484,33691.0,96314.0,7619.0,20150.0,0
282,1614744155.6225562,backward,0.0058252811431884766,194336.0,300780.0,45732.0,57742.0,2088
283,1614744155.6283815,step,0.010133743286132812,321532.0,574767.0,76194.0,85879.0,0
284,1614744155.6385152,overhead,0.0006833076477050781,0.0,56701.0,0.0,9272.0,0
285,1614744161.1788585,forward,0.0061566829681396484,194640.0,348631.0,45854.0,60053.0,0
286,1614744161.1850152,loss,0.0011975765228271484,33631.0,59082.0,7712.0,9730.0,0
287,1614744161.1862128,backward,0.005726337432861328,193358.0,337829.0,45670.0,57345.0,0
288,1614744161.191939,step,0.009390592575073242,292114.0,524352.0,68621.0,87577.0,4552
289,1614744161.2013297,overhead,0.0012745857238769531,32776.0,55420.0,7619.0,9440.0,0
290,1614744166.770509,forward,0.00649571418762207,196716.0,385314.0,45808.0,70549.0,0
291,1614744166.7770047,loss,0.0012164115905761719,32653.0,60241.0,15468.0,11062.0,0
292,1614744166.7782211,backward,0.005841255187988281,193420.0,321777.0,38006.0,60955.0,0
293,1614744166.7840624,step,0.009536504745483398,320129.0,494322.0,76194.0,90086.0,4709
294,1614744166.793599,overhead,0.0012967586517333984,32470.0,52551.0,7711.0,9823.0,0
295,1614744172.3051145,forward,0.006093025207519531,191649.0,347107.0,45717.0,57987.0,0
296,1614744172.3112075,loss,0.0011792182922363281,33448.0,109130.0,7619.0,20058.0,0
297,1614744172.3123868,backward,0.005700349807739258,193786.0,291442.0,45625.0,48425.0,0
298,1614744172.318087,step,0.009325027465820312,292541.0,525878.0,67671.0,95671.0,4389
299,1614744172.3274121,overhead,0.0012600421905517578,32897.0,109741.0,7620.0,9547.0,0
300,1614744178.3085365,forward,0.006154060363769531,193114.0,342528.0,45808.0,58002.0,742
301,1614744178.3146906,loss,0.0018715858459472656,65186.0,111084.0,15147.0,19232.0,0
302,1614744178.3165622,backward,0.00587153434753418,193236.0,340514.0,45716.0,57253.0,0
303,1614744178.3224337,step,0.009453535079956055,290039.0,523925.0,76194.0,85053.0,4028
304,1614744178.3318872,overhead,0.0028235912322998047,96435.0,174682.0,15193.0,29421.0,0
305,1614744183.8901284,forward,0.007820367813110352,257507.0,486327.0,61016.0,82207.0,0
306,1614744183.8979487,loss,0.0012018680572509766,32410.0,57983.0,7712.0,10175.0,0
307,1614744183.8991506,backward,0.005774259567260742,194579.0,359557.0,45578.0,59807.0,2451
308,1614744183.9049249,step,0.010046243667602539,324584.0,607115.0,76133.0,102036.0,0
309,1614744183.914971,overhead,0.0006785392761230469,0.0,0.0,7619.0,0.0,0
310,1614744189.5204601,forward,0.005777835845947266,190674.0,237426.0,45992.0,52602.0,0
311,1614744189.526238,loss,0.0011222362518310547,27282.0,38819.0,0.0,8721.0,0
312,1614744189.5273602,backward,0.0126800537109375,418945.0,496642.0,99328.0,112684.0,3682
313,1614744189.5400403,step,0.00983572006225586,329283.0,393370.0,76056.0,86629.0,0
314,1614744189.549876,overhead,0.0005931854248046875,0.0,0.0,0.0,0.0,0
315,1614744197.2376664,forward,0.006170034408569336,190978.0,324828.0,45716.0,57100.0,0
316,1614744197.2438364,loss,0.001216888427734375,32898.0,55786.0,7528.0,9317.0,0
317,1614744197.2450533,backward,0.005706787109375,194397.0,310241.0,45701.0,55524.0,2066
318,1614744197.25076,step,0.009995222091674805,322692.0,538085.0,76209.0,95166.0,0
319,1614744197.2607553,overhead,0.0006742477416992188,0.0,0.0,7620.0,0.0,0
320,1614744202.8551862,forward,0.00613856315612793,190490.0,330322.0,46084.0,56763.0,673
321,1614744202.8613248,loss,0.0018699169158935547,66162.0,114074.0,15238.0,19416.0,0
322,1614744202.8631947,backward,0.005748748779296875,161926.0,275634.0,45625.0,48531.0,0
323,1614744202.8689435,step,0.009398698806762695,322570.0,551024.0,68437.0,95166.0,0
324,1614744202.8783422,overhead,0.0006833076477050781,0.0,0.0,7757.0,0.0,3990
325,1614744208.4846308,forward,0.006220102310180664,227294.0,344421.0,53336.0,65132.0,919
326,1614744208.490851,loss,0.0024793148040771484,65246.0,172423.0,15238.0,32543.0,0
327,1614744208.4933302,backward,0.005991220474243164,192871.0,360351.0,45717.0,69677.0,0
328,1614744208.4993215,step,0.009634256362915039,322143.0,522154.0,76102.0,100153.0,0
329,1614744208.5089557,overhead,0.0007622241973876953,0.0,58106.0,0.0,9869.0,0
330,1614744214.032202,forward,0.006037712097167969,192626.0,313903.0,45716.0,57283.0,0
331,1614744214.0382397,loss,0.0011827945709228516,32532.0,57495.0,7666.0,9685.0,0
332,1614744214.0394225,backward,0.005827188491821289,195007.0,314330.0,45670.0,57237.0,2253
333,1614744214.0452497,step,0.010169267654418945,320250.0,534057.0,76286.0,94218.0,0
334,1614744214.055419,overhead,0.0006935596466064453,0.0,49621.0,0.0,9272.0,0
335,1614744219.5573595,forward,0.006102800369262695,194152.0,345702.0,45808.0,58338.0,1469
336,1614744219.5634623,loss,0.005548238754272461,191894.0,311889.0,45808.0,58752.0,0
337,1614744219.5690105,backward,0.005766630172729492,195190.0,276611.0,45762.0,57590.0,0
338,1614744219.5747771,step,0.009448528289794922,289428.0,555845.0,68560.0,89137.0,4033
339,1614744219.5842257,overhead,0.0025866031646728516,96984.0,124939.0,22858.0,20258.0,0
340,1614744225.364867,forward,0.006090641021728516,192138.0,346252.0,45579.0,58615.0,0
341,1614744225.3709576,loss,0.001188516616821289,63720.0,59326.0,7711.0,9685.0,0
342,1614744225.3721461,backward,0.005658864974975586,163086.0,345275.0,38066.0,58752.0,0
343,1614744225.377805,step,0.009445905685424805,322204.0,515990.0,76378.0,88036.0,4606
344,1614744225.387251,overhead,0.001287698745727539,31860.0,112731.0,7619.0,19966.0,0
345,1614744230.9842198,forward,0.006113290786743164,193115.0,348022.0,45762.0,59012.0,0
346,1614744230.990333,loss,0.0011763572692871094,32836.0,54321.0,7712.0,9547.0,0
347,1614744230.9915094,backward,0.00577545166015625,194397.0,337951.0,45624.0,57651.0,2270
348,1614744230.997285,step,0.010103940963745117,321654.0,570189.0,76194.0,93728.0,0
349,1614744231.0073888,overhead,0.0006928443908691406,32959.0,57251.0,7711.0,9868.0,0
350,1614744236.533917,forward,0.006059169769287109,195312.0,358031.0,45670.0,58186.0,0
351,1614744236.5399761,loss,0.0011854171752929688,31616.0,57740.0,7711.0,10129.0,0
352,1614744236.5411615,backward,0.005656242370605469,193054.0,351561.0,45747.0,57267.0,2296
353,1614744236.5468178,step,0.01009058952331543,323790.0,588561.0,76149.0,97767.0,0
354,1614744236.5569084,overhead,0.0006914138793945312,32227.0,0.0,7711.0,0.0,0
355,1614744242.0439584,forward,0.005834817886352539,161926.0,277404.0,45533.0,53672.0,0
356,1614744242.0497932,loss,0.0010793209075927734,33142.0,43824.0,7619.0,8767.0,0
357,1614744242.0508726,backward,0.012720108032226562,418822.0,570738.0,91387.0,117183.0,3685
358,1614744242.0635927,step,0.009830713272094727,323791.0,402160.0,76286.0,88862.0,0
359,1614744242.0734234,overhead,0.0006406307220458984,31738.0,45532.0,7619.0,0.0,0
360,1614744249.7466202,forward,0.01960134506225586,646788.0,1034543.0,144815.0,193361.0,3164
361,1614744249.7662215,loss,0.0018720626831054688,63354.0,108825.0,15284.0,20655.0,0
362,1614744249.7680936,backward,0.016160964965820312,515807.0,878416.0,121911.0,159671.0,3905
363,1614744249.7842546,step,0.010128498077392578,323242.0,545409.0,76240.0,96880.0,2435
364,1614744249.794383,overhead,0.0012822151184082031,32043.0,0.0,7619.0,9639.0,0
365,1614744255.5443218,forward,0.08352446556091309,2735649.0,4511035.0,632288.0,789128.0,9833
366,1614744255.6278462,loss,0.01867055892944336,630431.0,1058530.0,145182.0,182957.0,4469
367,1614744255.6465168,backward,0.026145219802856445,864866.0,1466000.0,198119.0,255510.0,4519
368,1614744255.672662,step,0.015759706497192383,497252.0,860960.0,122110.0,147400.0,3382
369,1614744255.6884217,overhead,0.001360177993774414,65674.0,111694.0,7757.0,19003.0,0
370,1614744261.1828685,forward,0.00616908073425293,227599.0,337157.0,45073.0,60252.0,0
371,1614744261.1890376,loss,0.0012385845184326172,31372.0,58899.0,7712.0,9623.0,0
372,1614744261.1902761,backward,0.0058100223541259766,194336.0,334899.0,45624.0,59502.0,2470
373,1614744261.1960862,step,0.010817289352416992,321898.0,558897.0,83905.0,107896.0,0
374,1614744261.2069035,overhead,0.0006551742553710938,32044.0,59815.0,0.0,0.0,0
375,1614744266.780597,forward,0.0061533451080322266,226745.0,354369.0,45839.0,59563.0,0
376,1614744266.7867503,loss,0.001216888427734375,32104.0,53894.0,7711.0,9746.0,1095
377,1614744266.7879672,backward,0.007189273834228516,226318.0,459838.0,53336.0,76148.0,0
378,1614744266.7951565,step,0.009414911270141602,291503.0,508055.0,68529.0,85359.0,0
379,1614744266.8045714,overhead,0.0007030963897705078,32471.0,58655.0,7619.0,9639.0,0
380,1614744272.3312793,forward,0.006215810775756836,227477.0,315002.0,45578.0,59410.0,0
381,1614744272.337495,loss,0.0011982917785644531,31921.0,54748.0,7711.0,9501.0,1232
382,1614744272.3386934,backward,0.0077075958251953125,258728.0,428649.0,60772.0,78306.0,0
383,1614744272.346401,step,0.009496450424194336,288695.0,476195.0,68575.0,97415.0,0
384,1614744272.3558974,overhead,0.0007028579711914062,32410.0,52002.0,7619.0,0.0,0
385,1614744278.1160383,forward,0.006052732467651367,193542.0,396117.0,45716.0,58201.0,0
386,1614744278.122091,loss,0.001172780990600586,32593.0,56396.0,7711.0,9639.0,0
387,1614744278.1232638,backward,0.005763530731201172,193725.0,278381.0,45717.0,56488.0,0
388,1614744278.1290274,step,0.009435892105102539,289306.0,575071.0,68574.0,88602.0,4445
389,1614744278.1384633,overhead,0.0012898445129394531,31982.0,54688.0,7620.0,9517.0,0
390,1614744283.6744654,forward,0.006038188934326172,193237.0,325866.0,53290.0,58079.0,0
391,1614744283.6805036,loss,0.0012006759643554688,66040.0,56458.0,7619.0,9502.0,0
392,1614744283.6817043,backward,0.005670785903930664,162231.0,322325.0,38051.0,56349.0,2041
393,1614744283.687375,step,0.010011911392211914,322936.0,550109.0,75292.0,96498.0,0
394,1614744283.697387,overhead,0.0006453990936279297,31860.0,0.0,7619.0,0.0,0
395,1614744289.2763023,forward,0.00616765022277832,225890.0,335997.0,45809.0,67703.0,0
396,1614744289.28247,loss,0.0012428760528564453,31250.0,55298.0,7665.0,9256.0,0
397,1614744289.2837129,backward,0.005818843841552734,193603.0,342712.0,45670.0,59288.0,0
398,1614744289.2895317,step,0.009445905685424805,290222.0,548826.0,68759.0,86337.0,4362
399,1614744289.2989776,overhead,0.0013480186462402344,33874.0,53101.0,15330.0,10007.0,0
400,1614744294.8810294,forward,0.00587773323059082,193542.0,211914.0,38097.0,53596.0,871
401,1614744294.886907,loss,0.0024154186248779297,97106.0,128357.0,22813.0,17167.0,0
402,1614744294.8893225,backward,0.01272130012512207,384826.0,532286.0,98960.0,114780.0,0
403,1614744294.9020438,step,0.009229183197021484,323303.0,383605.0,68575.0,79132.0,5298
404,1614744294.911273,overhead,0.001247406005859375,33203.0,43029.0,7619.0,8859.0,0
405,1614744302.7005353,forward,0.019496679306030273,612059.0,1142514.0,144600.0,189093.0,3288
406,1614744302.720032,loss,0.0019016265869140625,64209.0,112488.0,15560.0,19645.0,601
407,1614744302.7219336,backward,0.015127420425415039,481566.0,835386.0,113557.0,143147.0,0
408,1614744302.737061,step,0.009593725204467773,322814.0,497618.0,76240.0,85787.0,5864
409,1614744302.7466547,overhead,0.0013666152954101562,31678.0,58289.0,7665.0,18865.0,0
410,1614744308.2696319,forward,0.006143808364868164,194701.0,346373.0,45670.0,58186.0,740
411,1614744308.2757757,loss,0.001897573471069336,64026.0,113586.0,15285.0,19767.0,0
412,1614744308.2776732,backward,0.005864858627319336,192810.0,346740.0,45716.0,58477.0,0
413,1614744308.283538,step,0.009436607360839844,323546.0,507872.0,76470.0,85986.0,0
414,1614744308.2929747,overhead,0.0006511211395263672,0.0,60364.0,0.0,10006.0,0
415,1614744313.8072062,forward,0.010566949844360352,355712.0,627806.0,83768.0,108845.0,0
416,1614744313.817773,loss,0.0012052059173583984,31555.0,57801.0,7803.0,10373.0,0
417,1614744313.8189783,backward,0.005774497985839844,161987.0,328124.0,45762.0,56641.0,0
418,1614744313.8247528,step,0.009375572204589844,321898.0,511046.0,68544.0,85680.0,5499
419,1614744313.8341284,overhead,0.0012373924255371094,32288.0,53283.0,7711.0,9225.0,0
420,1614744319.4625666,forward,0.006067991256713867,227172.0,339782.0,45717.0,67397.0,0
421,1614744319.4686346,loss,0.0012664794921875,34607.0,115784.0,7573.0,10190.0,0
422,1614744319.469901,backward,0.0057220458984375,189941.0,272887.0,45716.0,56610.0,0
423,1614744319.4756231,step,0.009415626525878906,293090.0,590758.0,68483.0,91218.0,4634
424,1614744319.4850388,overhead,0.0013310909271240234,32349.0,49316.0,7666.0,11705.0,0
425,1614744325.0568285,forward,0.00603795051574707,193664.0,316405.0,45670.0,56258.0,0
426,1614744325.0628664,loss,0.0012106895446777344,33081.0,52246.0,15239.0,19049.0,0
427,1614744325.0640771,backward,0.00566554069519043,193786.0,319518.0,38097.0,49908.0,2416
428,1614744325.0697427,step,0.010496377944946289,322570.0,596923.0,83676.0,108982.0,0
429,1614744325.080239,overhead,0.0006971359252929688,34668.0,0.0,0.0,0.0,0
430,1614744330.621366,forward,0.010561227798461914,323546.0,612486.0,83905.0,99833.0,0
431,1614744330.6319273,loss,0.0011997222900390625,63782.0,54260.0,7634.0,9149.0,0
432,1614744330.633127,backward,0.005781888961791992,160827.0,314574.0,45717.0,57085.0,0
433,1614744330.6389089,step,0.009328126907348633,322448.0,478759.0,68574.0,95089.0,5127
434,1614744330.648237,overhead,0.0012919902801513672,34485.0,111633.0,7712.0,9501.0,0
435,1614744336.6197252,forward,0.0060808658599853516,197510.0,352905.0,45763.0,63984.0,0
436,1614744336.625806,loss,0.0011968612670898438,33325.0,55969.0,7665.0,10068.0,0
437,1614744336.627003,backward,0.009505748748779297,329406.0,563292.0,76209.0,101102.0,3039
438,1614744336.6365087,step,0.010068655014038086,329711.0,575682.0,76424.0,96788.0,0
439,1614744336.6465774,overhead,0.0006382465362548828,0.0,0.0,0.0,0.0,0
440,1614744342.2933464,forward,0.006118059158325195,196349.0,353332.0,45716.0,62607.0,0
441,1614744342.2994645,loss,0.0012359619140625,30945.0,60913.0,7803.0,20395.0,0
442,1614744342.3007004,backward,0.0059010982513427734,195922.0,346312.0,45655.0,48822.0,2485
443,1614744342.3066015,step,0.010378122329711914,322997.0,638121.0,76149.0,112501.0,0
444,1614744342.3169796,overhead,0.0007252693176269531,32959.0,0.0,7619.0,0.0,0
445,1614744347.8011122,forward,0.0059468746185302734,195129.0,260681.0,45762.0,56733.0,0
446,1614744347.807059,loss,0.0011248588562011719,30822.0,42785.0,7620.0,18757.0,0
447,1614744347.808184,backward,0.012679576873779297,420409.0,540709.0,98868.0,111002.0,3705
448,1614744347.8208635,step,0.00994110107421875,290527.0,446777.0,76332.0,102938.0,0
449,1614744347.8308046,overhead,0.0006854534149169922,32837.0,51513.0,0.0,11797.0,0
450,1614744355.6744804,forward,0.12356853485107422,3972280.0,6458662.0,937522.0,1170848.0,12610
451,1614744355.798049,loss,0.030482769012451172,970274.0,1648434.0,228491.0,300018.0,6187
452,1614744355.8285317,backward,0.03969526290893555,1291927.0,2026789.0,304776.0,371591.0,5492
453,1614744355.868227,step,0.02523326873779297,806090.0,1242245.0,190760.0,229530.0,6488
454,1614744355.8934603,overhead,0.0017549991607666016,64941.0,99243.0,15331.0,8905.0,0
455,1614744361.4310184,forward,0.006035566329956055,193848.0,345031.0,45808.0,57895.0,0
456,1614744361.437054,loss,0.0011866092681884766,33386.0,50720.0,7666.0,9455.0,0
457,1614744361.4382405,backward,0.005697011947631836,191772.0,340270.0,45762.0,57850.0,0
458,1614744361.4439375,step,0.009356021881103516,290465.0,510314.0,68712.0,95946.0,4546
459,1614744361.4532936,overhead,0.001245260238647461,31616.0,110656.0,7620.0,9226.0,0
460,1614744366.9526732,forward,0.006086587905883789,195251.0,401000.0,45762.0,68529.0,1037
461,1614744366.9587598,loss,0.003198385238647461,96069.0,173583.0,22996.0,28289.0,0
462,1614744366.9619582,backward,0.005780220031738281,194702.0,289062.0,45717.0,59471.0,0
463,1614744366.9677384,step,0.009412765502929688,290893.0,570250.0,76148.0,88664.0,0
464,1614744366.9771512,overhead,0.0006797313690185547,31372.0,0.0,0.0,0.0,0
465,1614744372.49413,forward,0.006107330322265625,192993.0,326476.0,45962.0,59594.0,0
466,1614744372.5002372,loss,0.0011744499206542969,31616.0,53833.0,7619.0,9639.0,0
467,1614744372.5014117,backward,0.005670785903930664,195434.0,320129.0,45762.0,59502.0,0
468,1614744372.5070825,step,0.009365558624267578,290099.0,491575.0,68713.0,85787.0,4525
469,1614744372.516448,overhead,0.0012857913970947266,31555.0,53101.0,15254.0,9914.0,0
470,1614744378.0660086,forward,0.006172657012939453,193480.0,342162.0,53459.0,61246.0,0
471,1614744378.0721812,loss,0.0011861324310302734,65186.0,57312.0,7711.0,9731.0,0
472,1614744378.0733674,backward,0.007892370223999023,225829.0,457946.0,60863.0,79942.0,0
473,1614744378.0812597,step,0.009406805038452148,324646.0,515624.0,68529.0,84594.0,4923
474,1614744378.0906665,overhead,0.0012545585632324219,32165.0,58105.0,7619.0,9639.0,0
475,1614744383.6918225,forward,0.006075620651245117,195373.0,336425.0,45625.0,58110.0,703
476,1614744383.6978981,loss,0.0017762184143066406,63476.0,114563.0,15392.0,19523.0,0
477,1614744383.6996744,backward,0.005696535110473633,193909.0,334044.0,45762.0,58981.0,0
478,1614744383.705371,step,0.00942230224609375,289367.0,529174.0,68712.0,85191.0,3566
479,1614744383.7147932,overhead,0.0015001296997070312,66528.0,63476.0,15316.0,9088.0,0
480,1614744389.2950132,forward,0.006106376647949219,193786.0,312560.0,45808.0,57344.0,0
481,1614744389.3011196,loss,0.0012593269348144531,32288.0,57556.0,7711.0,9639.0,0
482,1614744389.302379,backward,0.005656003952026367,193176.0,320800.0,45808.0,57421.0,2242
483,1614744389.308035,step,0.010093927383422852,324218.0,528991.0,76240.0,94539.0,0
484,1614744389.3181288,overhead,0.0007357597351074219,0.0,0.0,7711.0,0.0,0
485,1614744394.7809489,forward,0.00607609748840332,193908.0,343749.0,45808.0,58722.0,0
486,1614744394.787025,loss,0.001209259033203125,32043.0,57617.0,15285.0,9547.0,0
487,1614744394.7882342,backward,0.005682706832885742,192993.0,343871.0,38005.0,58905.0,0
488,1614744394.793917,step,0.009433269500732422,323730.0,513854.0,76271.0,86200.0,4400
489,1614744394.8033502,overhead,0.0012660026550292969,31616.0,59265.0,7711.0,9869.0,0
490,1614744400.4532006,forward,0.005892753601074219,191589.0,269531.0,45671.0,54116.0,0
491,1614744400.4590933,loss,0.0011072158813476562,33569.0,44616.0,7619.0,8905.0,0
492,1614744400.4602005,backward,0.01277923583984375,417418.0,576415.0,98823.0,115852.0,3884
493,1614744400.4729798,step,0.009786367416381836,321777.0,458495.0,75918.0,88831.0,0
494,1614744400.4827662,overhead,0.0005562305450439453,0.0,0.0,0.0,0.0,0
495,1614744408.4670236,forward,0.006170034408569336,223876.0,323546.0,53703.0,57849.0,0
496,1614744408.4731936,loss,0.001215219497680664,33753.0,54200.0,7619.0,9685.0,0
497,1614744408.4744089,backward,0.006524085998535156,193969.0,371764.0,45854.0,67152.0,0
498,1614744408.480933,step,0.009470939636230469,323546.0,488768.0,76271.0,86521.0,4535
499,1614744408.490404,overhead,0.0013289451599121094,31922.0,52978.0,7757.0,9639.0,0
500,1614744414.1361613,forward,0.006149768829345703,225219.0,322570.0,45716.0,56886.0,781
501,1614744414.142311,loss,0.0018677711486816406,32166.0,105407.0,15285.0,18788.0,0
502,1614744414.1441789,backward,0.0057828426361083984,194213.0,308410.0,38097.0,56029.0,0
503,1614744414.1499617,step,0.009334564208984375,322692.0,479552.0,76240.0,85450.0,3431
504,1614744414.1592963,overhead,0.0012955665588378906,32410.0,55298.0,7742.0,10006.0,0
505,1614744419.6834176,forward,0.006130695343017578,191772.0,343505.0,45716.0,58614.0,0
506,1614744419.6895483,loss,0.001268625259399414,34912.0,58472.0,7528.0,20258.0,0
507,1614744419.6908169,backward,0.0058405399322509766,193969.0,338073.0,45808.0,50719.0,0
508,1614744419.6966574,step,0.009435892105102539,320312.0,577330.0,76332.0,98578.0,4262
509,1614744419.7060933,overhead,0.0012955665588378906,35706.0,59204.0,7619.0,10006.0,0
510,1614744425.2656462,forward,0.0062160491943359375,226135.0,321227.0,45716.0,57482.0,0
511,1614744425.2718623,loss,0.001207590103149414,31433.0,50049.0,7757.0,9364.0,0
512,1614744425.2730699,backward,0.005677223205566406,194091.0,322631.0,45762.0,57650.0,0
513,1614744425.278747,step,0.009962797164916992,291870.0,533507.0,76194.0,93652.0,4669
514,1614744425.2887099,overhead,0.0013785362243652344,63110.0,45837.0,7696.0,9593.0,0
515,1614744430.8895893,forward,0.006112098693847656,225646.0,284240.0,45671.0,56610.0,727
516,1614744430.8957014,loss,0.0019078254699707031,32471.0,100891.0,15223.0,10190.0,0
517,1614744430.8976092,backward,0.005738973617553711,192871.0,332214.0,38052.0,58247.0,0
518,1614744430.9033482,step,0.009361028671264648,290831.0,554014.0,76377.0,95365.0,3362
519,1614744430.9127092,overhead,0.0013480186462402344,64759.0,0.0,7574.0,9149.0,0
520,1614744436.5467212,forward,0.010723114013671875,322631.0,644530.0,76285.0,114184.0,0
521,1614744436.5574443,loss,0.0012574195861816406,30883.0,57007.0,15285.0,10281.0,0
522,1614744436.5587018,backward,0.0059430599212646484,193298.0,364196.0,45946.0,63694.0,3425
523,1614744436.5646448,step,0.010465621948242188,355712.0,554747.0,76056.0,101439.0,0
524,1614744436.5751104,overhead,0.0007317066192626953,33325.0,74829.0,7711.0,9777.0,0
525,1614744442.1205497,forward,0.006103515625,194885.0,347350.0,45808.0,68223.0,0
526,1614744442.1266532,loss,0.00122833251953125,30456.0,115295.0,7757.0,10373.0,0
527,1614744442.1278815,backward,0.00576472282409668,196167.0,294250.0,45625.0,60221.0,0
528,1614744442.1336462,step,0.009450674057006836,289550.0,575499.0,68574.0,86185.0,4600
529,1614744442.143097,overhead,0.0013272762298583984,32958.0,59021.0,15239.0,9272.0,0
530,1614744447.75926,forward,0.008453369140625,297546.0,487792.0,61277.0,79483.0,1365
531,1614744447.7677133,loss,0.002976655960083008,97045.0,171264.0,22904.0,32451.0,0
532,1614744447.77069,backward,0.005882978439331055,192261.0,296935.0,45716.0,56565.0,0
533,1614744447.776573,step,0.009369850158691406,286986.0,459411.0,68575.0,83859.0,0
534,1614744447.7859428,overhead,0.0007464885711669922,35828.0,47424.0,7528.0,9639.0,0
535,1614744453.3032062,forward,0.006014108657836914,194640.0,281249.0,45716.0,63495.0,0
536,1614744453.3092203,loss,0.0011267662048339844,34729.0,93444.0,7528.0,9089.0,0
537,1614744453.310347,backward,0.010574579238891602,354064.0,464477.0,84043.0,90484.0,3401
538,1614744453.3209217,step,0.009864568710327148,290283.0,456359.0,76102.0,89092.0,0
539,1614744453.3307862,overhead,0.0006041526794433594,29968.0,0.0,0.0,0.0,0
540,1614744461.1597967,forward,0.006179094314575195,194824.0,328552.0,45717.0,68988.0,0
541,1614744461.1659758,loss,0.0012197494506835938,33813.0,110229.0,15330.0,8904.0,0
542,1614744461.1671956,backward,0.00577998161315918,193970.0,252746.0,37959.0,47507.0,0
543,1614744461.1729755,step,0.009279489517211914,289000.0,527220.0,76194.0,94110.0,4521
544,1614744461.182255,overhead,0.0012755393981933594,65735.0,50476.0,7620.0,9134.0,0
545,1614744466.8305373,forward,0.006104707717895508,193603.0,332397.0,45808.0,67993.0,0
546,1614744466.836642,loss,0.0012214183807373047,32593.0,111877.0,7620.0,9440.0,0
547,1614744466.8378634,backward,0.0056650638580322266,193847.0,278197.0,45624.0,47017.0,0
548,1614744466.8435285,step,0.009404182434082031,292114.0,554748.0,68590.0,95992.0,4422
549,1614744466.8529327,overhead,0.002443552017211914,63415.0,110717.0,22996.0,20059.0,0
550,1614744472.4452176,forward,0.008404970169067383,289611.0,485106.0,60940.0,76668.0,0
551,1614744472.4536226,loss,0.0012691020965576172,30456.0,0.0,7757.0,10236.0,0
552,1614744472.4548917,backward,0.005730152130126953,194336.0,378539.0,45808.0,55814.0,2693
553,1614744472.4606218,step,0.01002192497253418,319945.0,572875.0,76194.0,95595.0,0
554,1614744472.4706438,overhead,0.0006840229034423828,0.0,0.0,7712.0,0.0,0
555,1614744478.16154,forward,0.006408214569091797,192382.0,344725.0,45946.0,68498.0,0
556,1614744478.1679482,loss,0.0012600421905517578,33325.0,114563.0,7619.0,10098.0,1191
557,1614744478.1692083,backward,0.007537841796875,257690.0,407470.0,61002.0,68376.0,0
558,1614744478.1767461,step,0.009467840194702148,290771.0,581236.0,68620.0,95441.0,0
559,1614744478.186214,overhead,0.0006296634674072266,31799.0,0.0,7619.0,0.0,0
560,1614744483.7425473,forward,0.019477367401123047,614318.0,1100217.0,144769.0,193239.0,3423
561,1614744483.7620246,loss,0.0018317699432373047,64880.0,117309.0,15376.0,19691.0,0
562,1614744483.7638564,backward,0.013344526290893555,419555.0,714720.0,106718.0,128673.0,0
563,1614744483.777201,step,0.009525775909423828,323363.0,562620.0,68712.0,94860.0,6036
564,1614744483.7867267,overhead,0.0013649463653564453,33813.0,56458.0,7574.0,9501.0,0
565,1614744489.348797,forward,0.00604557991027832,194518.0,339781.0,53336.0,55769.0,0
566,1614744489.3548427,loss,0.0012290477752685547,64148.0,66651.0,7619.0,10511.0,0
567,1614744489.3560717,backward,0.005910396575927734,161010.0,276305.0,45808.0,59165.0,0
568,1614744489.361982,step,0.009410619735717773,323669.0,573424.0,68713.0,88082.0,4452
569,1614744489.3713927,overhead,0.0013163089752197266,32532.0,57251.0,7665.0,9823.0,0
570,1614744494.9547205,forward,0.0060272216796875,194701.0,335143.0,45533.0,56044.0,0
571,1614744494.9607477,loss,0.0011854171752929688,32898.0,56213.0,7619.0,18834.0,0
572,1614744494.9619331,backward,0.005806684494018555,191406.0,328186.0,45885.0,48425.0,2054
573,1614744494.9677398,step,0.010004043579101562,324767.0,560484.0,75965.0,94278.0,0
574,1614744494.9777439,overhead,0.0006663799285888672,30945.0,55359.0,7619.0,9364.0,0
575,1614744500.6018662,forward,0.006158590316772461,193175.0,341796.0,45808.0,61368.0,0
576,1614744500.6080248,loss,0.0012042522430419922,32288.0,55175.0,7666.0,10282.0,0
577,1614744500.609229,backward,0.005792140960693359,192870.0,339782.0,45762.0,59517.0,2432
578,1614744500.6150212,step,0.010528802871704102,355224.0,568236.0,83813.0,111858.0,0
579,1614744500.62555,overhead,0.0006928443908691406,0.0,62378.0,0.0,0.0,0
580,1614744506.138001,forward,0.0060999393463134766,199096.0,291259.0,45701.0,61781.0,0
581,1614744506.144101,loss,0.0011219978332519531,32349.0,47790.0,7665.0,10420.0,1249
582,1614744506.145223,backward,0.014958381652832031,488524.0,692686.0,114199.0,143284.0,0
583,1614744506.1601813,step,0.009681224822998047,291869.0,457030.0,76286.0,89980.0,5163
584,1614744506.1698625,overhead,0.0011851787567138672,63843.0,44068.0,7619.0,8919.0,0
585,1614744513.8100104,forward,0.019500732421875,620055.0,1126523.0,144830.0,215485.0,2751
586,1614744513.8295112,loss,0.0019173622131347656,59814.0,58838.0,15331.0,19966.0,0
587,1614744513.8314285,backward,0.00596165657043457,205749.0,337890.0,45487.0,54407.0,0
588,1614744513.8373902,step,0.009493827819824219,317565.0,585387.0,76423.0,112425.0,3756
589,1614744513.846884,overhead,0.0012767314910888672,41931.0,58471.0,7436.0,9853.0,0
590,1614744519.5652883,forward,0.006180524826049805,195312.0,363891.0,45992.0,63878.0,0
591,1614744519.5714688,loss,0.0011904239654541016,32532.0,59509.0,7634.0,9837.0,1115
592,1614744519.5726593,backward,0.0075490474700927734,262084.0,481139.0,61093.0,87593.0,0
593,1614744519.5802083,step,0.0093994140625,289611.0,538329.0,68560.0,88067.0,0
594,1614744519.5896077,overhead,0.000690460205078125,30029.0,55175.0,7711.0,9272.0,0
595,1614744525.1816597,forward,0.006055593490600586,193359.0,413268.0,45762.0,57819.0,753
596,1614744525.1877153,loss,0.0018737316131591797,64209.0,57129.0,7712.0,9868.0,0
597,1614744525.189589,backward,0.006144046783447266,192565.0,353209.0,53427.0,68804.0,0
598,1614744525.195733,step,0.00939488410949707,323791.0,578124.0,68529.0,88450.0,3625
599,1614744525.205128,overhead,0.0013053417205810547,32470.0,54748.0,7757.0,9593.0,0
600,1614744530.7709239,forward,0.006197214126586914,197143.0,368286.0,45716.0,65989.0,736
601,1614744530.777121,loss,0.0018513202667236328,63415.0,123962.0,15376.0,22552.0,0
602,1614744530.7789724,backward,0.005964517593383789,193603.0,287597.0,45763.0,59685.0,0
603,1614744530.784937,step,0.009376287460327148,289856.0,592527.0,68574.0,88450.0,0
604,1614744530.7943132,overhead,0.0006475448608398438,32714.0,0.0,7620.0,0.0,0
605,1614744536.4841068,forward,0.0062825679779052734,194213.0,322753.0,45778.0,59732.0,679
606,1614744536.4903893,loss,0.0018544197082519531,63232.0,106262.0,15284.0,18589.0,0
607,1614744536.4922438,backward,0.005665302276611328,161194.0,321532.0,45671.0,58416.0,0
608,1614744536.497909,step,0.009392499923706055,323912.0,487548.0,68529.0,86904.0,3863
609,1614744536.5073016,overhead,0.002804279327392578,95764.0,156982.0,22812.0,28412.0,0
610,1614744542.0432346,forward,0.0061566829681396484,199279.0,313659.0,45441.0,58125.0,0
611,1614744542.0493913,loss,0.0012056827545166016,58716.0,52307.0,7894.0,9639.0,0
612,1614744542.050597,backward,0.005643367767333984,168151.0,314880.0,37960.0,57268.0,0
613,1614744542.0562403,step,0.009357929229736328,316284.0,474913.0,76194.0,85726.0,4459
614,1614744542.0655982,overhead,0.0013523101806640625,41504.0,55481.0,7390.0,10695.0,0
615,1614744547.6887145,forward,0.006099700927734375,193847.0,343993.0,45946.0,58599.0,710
616,1614744547.6948142,loss,0.0018210411071777344,66589.0,113830.0,15193.0,18773.0,0
617,1614744547.6966352,backward,0.00570225715637207,160278.0,290405.0,37409.0,59272.0,0
618,1614744547.7023375,step,0.009367942810058594,320556.0,576720.0,76469.0,86154.0,3904
619,1614744547.7117054,overhead,0.0018451213836669922,64453.0,55236.0,15239.0,18590.0,0
620,1614744553.3047132,forward,0.006238698959350586,195556.0,417541.0,45487.0,79759.0,901
621,1614744553.310952,loss,0.002554655075073242,95276.0,121948.0,22950.0,24373.0,0
622,1614744553.3135066,backward,0.00601959228515625,193786.0,351622.0,45717.0,65438.0,0
623,1614744553.3195262,step,0.009717464447021484,293334.0,584411.0,76148.0,107896.0,0
624,1614744553.3292437,overhead,0.0007424354553222656,30823.0,0.0,0.0,10419.0,0
625,1614744558.9969754,forward,0.0059032440185546875,192931.0,270935.0,45762.0,51362.0,0
626,1614744559.0028787,loss,0.0010554790496826172,32532.0,45837.0,7620.0,8415.0,0
627,1614744559.0039341,backward,0.012698888778686523,415526.0,571349.0,98960.0,109946.0,3690
628,1614744559.016633,step,0.009908199310302734,318542.0,442992.0,76194.0,84058.0,0
629,1614744559.0265412,overhead,0.0006268024444580078,0.0,0.0,0.0,0.0,0
630,1614744569.5502522,forward,0.006136894226074219,224853.0,332519.0,45671.0,57513.0,731
631,1614744569.556389,loss,0.0018570423126220703,33386.0,110229.0,15376.0,19599.0,0
632,1614744569.5582461,backward,0.005802154541015625,193298.0,270874.0,38006.0,57911.0,0
633,1614744569.5640483,step,0.009370803833007812,324462.0,552305.0,75918.0,86032.0,3919
634,1614744569.573419,overhead,0.002420663833618164,62378.0,99671.0,15285.0,18941.0,0
635,1614744575.3845332,forward,0.00606846809387207,192443.0,348205.0,45809.0,57758.0,727
636,1614744575.3906016,loss,0.0018723011016845703,65247.0,116637.0,15238.0,18727.0,0
637,1614744575.392474,backward,0.005733966827392578,193847.0,337646.0,45809.0,58966.0,0
638,1614744575.398208,step,0.009374856948852539,290832.0,512023.0,68528.0,85695.0,3380
639,1614744575.4075828,overhead,0.0013077259063720703,32043.0,59509.0,7712.0,9685.0,0
640,1614744580.9762177,forward,0.0060656070709228516,193847.0,366149.0,45717.0,59196.0,748
641,1614744580.9822834,loss,0.0018770694732666016,64941.0,115478.0,15285.0,20165.0,0
642,1614744580.9841604,backward,0.005850791931152344,162598.0,331787.0,45486.0,59487.0,0
643,1614744580.9900112,step,0.009449481964111328,321349.0,517516.0,68713.0,88801.0,3462
644,1614744580.9994607,overhead,0.0012996196746826172,33203.0,59448.0,7619.0,10190.0,0
645,1614744586.5791512,forward,0.006077289581298828,192993.0,337951.0,45655.0,59256.0,0
646,1614744586.5852284,loss,0.001199960708618164,31555.0,54443.0,7711.0,9777.0,0
647,1614744586.5864284,backward,0.0059468746185302734,196410.0,337035.0,45717.0,58477.0,2250
648,1614744586.5923753,step,0.010072946548461914,316162.0,542296.0,76148.0,94217.0,0
649,1614744586.6024482,overhead,0.0007159709930419922,30334.0,50659.0,7619.0,9410.0,0
650,1614744592.5235364,forward,0.006178855895996094,196898.0,341247.0,53505.0,66112.0,0
651,1614744592.5297153,loss,0.00121307373046875,66162.0,57129.0,7803.0,12163.0,0
652,1614744592.5309284,backward,0.0057833194732666016,165833.0,354186.0,45685.0,70946.0,0
653,1614744592.5367117,step,0.009525060653686523,329100.0,538634.0,68667.0,107651.0,4393
654,1614744592.5462368,overhead,0.001316070556640625,34485.0,73547.0,7619.0,27555.0,0
655,1614744598.129961,forward,0.0060541629791259766,192992.0,334960.0,45717.0,57925.0,706
656,1614744598.1360152,loss,0.0019483566284179688,66162.0,113159.0,15162.0,18927.0,0
657,1614744598.1379635,backward,0.005774259567260742,160156.0,325317.0,38189.0,57084.0,0
658,1614744598.1437378,step,0.00935506820678711,323669.0,518187.0,76209.0,87195.0,0
659,1614744598.1530929,overhead,0.000640869140625,0.0,0.0,0.0,10465.0,4273
660,1614744603.668275,forward,0.006063222885131836,192139.0,338500.0,53427.0,58216.0,0
661,1614744603.6743383,loss,0.0012586116790771484,64330.0,58410.0,7620.0,9456.0,0
662,1614744603.675597,backward,0.005680561065673828,161804.0,338378.0,38173.0,56686.0,0
663,1614744603.6812775,step,0.009394645690917969,322082.0,505492.0,76148.0,86261.0,4456
664,1614744603.6906722,overhead,0.0012934207916259766,31311.0,58716.0,7711.0,19370.0,0
665,1614744609.2407613,forward,0.011902570724487305,388610.0,682677.0,91433.0,126042.0,0
666,1614744609.2526639,loss,0.0012569427490234375,31555.0,57922.0,7619.0,9776.0,0
667,1614744609.2539208,backward,0.005816221237182617,195800.0,333556.0,45670.0,61200.0,3718
668,1614744609.259737,step,0.01009678840637207,322387.0,570006.0,76149.0,101179.0,0
669,1614744609.2698338,overhead,0.0006804466247558594,31433.0,0.0,7665.0,10190.0,0
670,1614744614.877407,forward,0.006011962890625,191040.0,280517.0,45624.0,51408.0,0
671,1614744614.883419,loss,0.0011260509490966797,32165.0,45715.0,7620.0,8400.0,0
672,1614744614.884545,backward,0.011569738388061523,351134.0,500121.0,83767.0,93177.0,3392
673,1614744614.8961148,step,0.009784936904907227,321533.0,465087.0,76194.0,83966.0,0
674,1614744614.9058998,overhead,0.0006113052368164062,32043.0,0.0,7620.0,8492.0,0
675,1614744622.516241,forward,0.019576549530029297,622618.0,1137998.0,144600.0,207254.0,2204
676,1614744622.5358176,loss,0.0019762516021728516,62866.0,116027.0,15285.0,24740.0,0
677,1614744622.5377939,backward,0.005896091461181641,195679.0,353576.0,45670.0,65040.0,0
678,1614744622.54369,step,0.009592056274414062,322142.0,585997.0,76454.0,104958.0,3726
679,1614744622.553282,overhead,0.0013582706451416016,34241.0,61157.0,7666.0,10848.0,0
680,1614744628.4964848,forward,0.00606989860534668,192871.0,326415.0,45900.0,57054.0,744
681,1614744628.5025547,loss,0.0019168853759765625,63476.0,107605.0,15254.0,19002.0,0
682,1614744628.5044715,backward,0.005728244781494141,163635.0,327636.0,45763.0,57987.0,0
683,1614744628.5101998,step,0.009374141693115234,321532.0,487853.0,68437.0,84472.0,0
684,1614744628.519574,overhead,0.0006864070892333984,0.0,53039.0,0.0,9547.0,0
685,1614744634.0796337,forward,0.006041049957275391,192260.0,325621.0,45670.0,66647.0,0
686,1614744634.0856748,loss,0.0012149810791015625,32532.0,112244.0,15285.0,9318.0,0
687,1614744634.0868897,backward,0.0058536529541015625,194274.0,277160.0,38280.0,57956.0,2676
688,1614744634.0927434,step,0.011551856994628906,386230.0,657774.0,91433.0,105524.0,0
689,1614744634.1042953,overhead,0.00066375732421875,0.0,0.0,7666.0,10695.0,0
690,1614744639.5762334,forward,0.006085634231567383,185119.0,355102.0,45763.0,58538.0,0
691,1614744639.582319,loss,0.001178741455078125,33569.0,63171.0,7527.0,10648.0,0
692,1614744639.5834978,backward,0.0056514739990234375,202026.0,354186.0,38051.0,59227.0,2115
693,1614744639.5891492,step,0.011261463165283203,345397.0,629515.0,83906.0,109303.0,0
694,1614744639.6004107,overhead,0.0007262229919433594,42175.0,57617.0,7344.0,9823.0,0
695,1614744645.0969253,forward,0.006007194519042969,194031.0,316039.0,45716.0,59380.0,0
696,1614744645.1029325,loss,0.0011761188507080078,62255.0,107666.0,7711.0,9547.0,0
697,1614744645.1041086,backward,0.005833625793457031,163818.0,267638.0,45625.0,60894.0,0
698,1614744645.1099422,step,0.009383201599121094,320495.0,529418.0,68574.0,87302.0,4450
699,1614744645.1193254,overhead,0.0012557506561279297,34119.0,53406.0,7574.0,9501.0,0
700,1614744650.6908703,forward,0.00613713264465332,194152.0,341796.0,45717.0,67794.0,0
701,1614744650.6970074,loss,0.0012555122375488281,31250.0,110962.0,7711.0,9593.0,0
702,1614744650.698263,backward,0.00639653205871582,195007.0,325317.0,53244.0,55723.0,0
703,1614744650.7046595,step,0.009364128112792969,321471.0,508238.0,68666.0,87286.0,4754
704,1614744650.7140236,overhead,0.0013530254364013672,31799.0,110656.0,7635.0,18819.0,0
705,1614744656.339845,forward,0.023878097534179688,742491.0,1414913.0,182177.0,249099.0,4836
706,1614744656.363723,loss,0.0018706321716308594,63659.0,59509.0,6977.0,20655.0,0
707,1614744656.3655937,backward,0.005797624588012695,193420.0,352722.0,45762.0,51087.0,0
708,1614744656.3713913,step,0.009436607360839844,323974.0,594175.0,76103.0,100949.0,4320
709,1614744656.380828,overhead,0.001287698745727539,31128.0,56275.0,7757.0,10557.0,0
710,1614744662.1736407,forward,0.006159305572509766,193786.0,323790.0,45732.0,59609.0,0
711,1614744662.1798,loss,0.0012633800506591797,32654.0,55542.0,7665.0,10205.0,0
712,1614744662.1810634,backward,0.005696535110473633,194824.0,324951.0,45762.0,59899.0,0
713,1614744662.18676,step,0.009383201599121094,291075.0,489195.0,76057.0,86659.0,4631
714,1614744662.1961432,overhead,0.0012433528900146484,63355.0,54443.0,7711.0,9869.0,0
715,1614744667.648478,forward,0.005764484405517578,191284.0,263183.0,45028.0,44217.0,0
716,1614744667.6542425,loss,0.0010750293731689453,32532.0,41077.0,7620.0,8950.0,0
717,1614744667.6553175,backward,0.01271820068359375,412596.0,534544.0,99190.0,115102.0,3806
718,1614744667.6680357,step,0.009775400161743164,297058.0,419616.0,75964.0,87333.0,0
719,1614744667.6778111,overhead,0.0006082057952880859,34973.0,0.0,0.0,0.0,0
720,1614744675.361826,forward,0.01950693130493164,613951.0,1111875.0,144906.0,199481.0,2987
721,1614744675.3813329,loss,0.001959085464477539,61707.0,122375.0,15331.0,23318.0,0
722,1614744675.383292,backward,0.0060045719146728516,194579.0,357543.0,45716.0,70043.0,0
723,1614744675.3892965,step,0.009675741195678711,323120.0,591674.0,76148.0,110344.0,4084
724,1614744675.3989723,overhead,0.0029277801513671875,100036.0,936338.0,121773.0,168361.0,0
725,1614744680.996505,forward,0.006009578704833984,226928.0,345275.0,45777.0,58033.0,0
726,1614744681.0025146,loss,0.0011603832244873047,30456.0,112671.0,7666.0,9272.0,0
727,1614744681.003675,backward,0.005706071853637695,164123.0,291259.0,45655.0,48684.0,0
728,1614744681.009381,step,0.00935506820678711,320800.0,513975.0,68529.0,86537.0,4434
729,1614744681.0187361,overhead,0.0012841224670410156,32959.0,133118.0,7665.0,19875.0,0
730,1614744686.5556102,forward,0.00602269172668457,195617.0,342651.0,45028.0,56732.0,0
731,1614744686.5616329,loss,0.0011832714080810547,31495.0,56518.0,7620.0,9823.0,0
732,1614744686.5628161,backward,0.005746603012084961,193725.0,325988.0,45854.0,56548.0,2818
733,1614744686.5685627,step,0.012691497802734375,420653.0,675474.0,99098.0,113955.0,0
734,1614744686.5812542,overhead,0.0006411075592041016,0.0,58777.0,0.0,9470.0,0
735,1614744692.0932746,forward,0.006035566329956055,194396.0,310058.0,45762.0,57008.0,0
736,1614744692.0993102,loss,0.001257181167602539,63660.0,51270.0,15331.0,9593.0,1243
737,1614744692.1005673,backward,0.007607460021972656,225646.0,410277.0,53351.0,74771.0,0
738,1614744692.1081748,step,0.009413480758666992,290832.0,459166.0,76010.0,84578.0,0
739,1614744692.1175883,overhead,0.0007266998291015625,33874.0,0.0,0.0,9593.0,0
740,1614744697.6709626,forward,0.00604248046875,193176.0,327269.0,45762.0,57284.0,786
741,1614744697.677005,loss,0.0017998218536376953,64880.0,107361.0,15239.0,8445.0,0
742,1614744697.6788049,backward,0.005779743194580078,193848.0,306518.0,45717.0,55325.0,0
743,1614744697.6845846,step,0.009329557418823242,289122.0,430602.0,68345.0,86108.0,3669
744,1614744697.6939142,overhead,0.001279592514038086,32837.0,105407.0,7527.0,8400.0,0
745,1614744703.2307925,forward,0.010593175888061523,356078.0,638365.0,76194.0,101209.0,0
746,1614744703.2413857,loss,0.0012099742889404297,31738.0,62805.0,7711.0,10068.0,0
747,1614744703.2425957,backward,0.0057561397552490234,193664.0,344726.0,45579.0,57681.0,3192
748,1614744703.2483518,step,0.01006770133972168,323241.0,579711.0,76148.0,96696.0,0
749,1614744703.2584195,overhead,0.0007104873657226562,32410.0,56945.0,7711.0,9746.0,0
750,1614744708.9242835,forward,0.006032705307006836,194396.0,316345.0,45763.0,66998.0,0
751,1614744708.9303162,loss,0.0011684894561767578,30457.0,105956.0,7665.0,9548.0,0
752,1614744708.9314847,backward,0.005786895751953125,196471.0,269653.0,45670.0,47843.0,2385
753,1614744708.9372716,step,0.010308980941772461,322204.0,591429.0,76103.0,105248.0,0
754,1614744708.9475806,overhead,0.0006279945373535156,0.0,0.0,7619.0,0.0,0
755,1614744714.5342228,forward,0.00607609748840332,194518.0,331542.0,45762.0,57191.0,0
756,1614744714.540299,loss,0.001211404800415039,31799.0,114929.0,7712.0,9930.0,0
757,1614744714.5415103,backward,0.005742788314819336,193359.0,323180.0,45701.0,58828.0,0
758,1614744714.5472531,step,0.009426116943359375,289733.0,507690.0,68605.0,85221.0,4610
759,1614744714.5566792,overhead,0.0013387203216552734,34058.0,54565.0,15468.0,11016.0,0
760,1614744720.1310866,forward,0.005782365798950195,192932.0,220825.0,45716.0,52861.0,0
761,1614744720.136869,loss,0.0010440349578857422,32104.0,88317.0,7620.0,7972.0,0
762,1614744720.137913,backward,0.012588977813720703,389159.0,562865.0,91249.0,114337.0,3623
763,1614744720.150502,step,0.00974130630493164,322631.0,394408.0,76148.0,88265.0,2312
764,1614744720.1602433,overhead,0.0018000602722167969,63843.0,90027.0,15239.0,9119.0,0
765,1614744727.901735,forward,0.019553422927856445,644469.0,1121091.0,144722.0,198257.0,2878
766,1614744727.9212885,loss,0.0019109249114990234,65979.0,116943.0,15239.0,9685.0,0
767,1614744727.9231994,backward,0.0191192626953125,614561.0,1121823.0,144723.0,217888.0,4837
768,1614744727.9423187,step,0.010337114334106445,324218.0,666808.0,76469.0,116754.0,0
769,1614744727.9526558,overhead,0.0008044242858886719,31433.0,0.0,7620.0,0.0,0
770,1614744733.5478115,forward,0.008041858673095703,259276.0,456480.0,68804.0,82957.0,0
771,1614744733.5558534,loss,0.0013003349304199219,65064.0,61463.0,7528.0,10343.0,0
772,1614744733.5571537,backward,0.005833625793457031,160827.0,327086.0,45670.0,59853.0,0
773,1614744733.5629873,step,0.009459495544433594,324096.0,509948.0,68544.0,88893.0,5066
774,1614744733.5724468,overhead,0.0013470649719238281,30822.0,63171.0,7620.0,11062.0,0
775,1614744739.156277,forward,0.0061151981353759766,192931.0,325683.0,45900.0,57268.0,812
776,1614744739.1623921,loss,0.0021004676818847656,65369.0,108520.0,15239.0,18574.0,0
777,1614744739.1644926,backward,0.005702495574951172,191589.0,328552.0,45808.0,57054.0,0
778,1614744739.170195,step,0.009437084197998047,291076.0,490355.0,68529.0,84930.0,3958
779,1614744739.1796322,overhead,0.0016672611236572266,66589.0,107605.0,15285.0,19232.0,0
780,1614744744.7355795,forward,0.0060002803802490234,192504.0,342528.0,45762.0,57436.0,0
781,1614744744.7415798,loss,0.0012197494506835938,34058.0,58594.0,15270.0,10327.0,0
782,1614744744.7427995,backward,0.005784511566162109,193359.0,343993.0,38005.0,59334.0,0
783,1614744744.748584,step,0.009481430053710938,321166.0,513915.0,76225.0,86873.0,4388
784,1614744744.7580655,overhead,0.001302480697631836,33325.0,53894.0,7619.0,9226.0,0
785,1614744750.8828657,forward,0.00607752799987793,194213.0,329223.0,45716.0,57972.0,768
786,1614744750.8889432,loss,0.0018129348754882812,64026.0,111572.0,15239.0,19278.0,0
787,1614744750.8907561,backward,0.005867958068847656,201782.0,318114.0,45579.0,57314.0,0
788,1614744750.896624,step,0.009399175643920898,317504.0,484740.0,75918.0,85512.0,3438
789,1614744750.9060233,overhead,0.001294851303100586,37720.0,56824.0,7482.0,19385.0,0
790,1614744756.5432951,forward,0.0061681270599365234,197326.0,354736.0,45717.0,72920.0,862
791,1614744756.5494633,loss,0.0021080970764160156,63294.0,121154.0,15238.0,10603.0,0
792,1614744756.5515714,backward,0.0058667659759521484,193969.0,350891.0,45763.0,62807.0,0
793,1614744756.5574381,step,0.009414911270141602,290954.0,581663.0,68498.0,101775.0,0
794,1614744756.566853,overhead,0.0006477832794189453,32287.0,0.0,7619.0,0.0,0
795,1614744762.1033862,forward,0.006139993667602539,225769.0,367065.0,45670.0,60665.0,932
796,1614744762.1095262,loss,0.0029687881469726562,64453.0,154052.0,22996.0,30676.0,0
797,1614744762.112495,backward,0.005845069885253906,194457.0,346618.0,38143.0,59502.0,0
798,1614744762.11834,step,0.009436845779418945,323608.0,580626.0,76148.0,98027.0,0
799,1614744762.1277769,overhead,0.0006563663482666016,0.0,0.0,0.0,0.0,0
800,1614744767.7356367,forward,0.010790824890136719,322325.0,644773.0,76393.0,110589.0,1590
801,1614744767.7464275,loss,0.0018603801727294922,65369.0,59632.0,15330.0,19370.0,0
802,1614744767.748288,backward,0.005864858627319336,193359.0,349669.0,45579.0,49296.0,0
803,1614744767.7541528,step,0.009455442428588867,289062.0,573668.0,76071.0,95824.0,3871
804,1614744767.7636082,overhead,0.0013277530670166016,64941.0,57617.0,7712.0,9410.0,0
805,1614744773.2747424,forward,0.005907535552978516,193115.0,246154.0,45717.0,53871.0,0
806,1614744773.28065,loss,0.0010242462158203125,32531.0,40222.0,7619.0,9180.0,0
807,1614744773.2816741,backward,0.012691259384155273,421081.0,479186.0,98961.0,107758.0,3667
808,1614744773.2943654,step,0.009782075881958008,320495.0,412169.0,76194.0,89842.0,0
809,1614744773.3041475,overhead,0.0005476474761962891,0.0,0.0,0.0,9440.0,0
810,1614744781.2828777,forward,0.006164073944091797,194396.0,316650.0,53106.0,57620.0,973
811,1614744781.2890418,loss,0.0027103424072265625,99243.0,179443.0,15422.0,28259.0,0
812,1614744781.291752,backward,0.00576019287109375,190185.0,311034.0,45809.0,58048.0,0
813,1614744781.2975123,step,0.009434700012207031,291198.0,490844.0,76285.0,84930.0,0
814,1614744781.306947,overhead,0.0006604194641113281,30701.0,55114.0,0.0,10374.0,0
815,1614744787.1053972,forward,0.0059814453125,194641.0,330749.0,53382.0,56549.0,0
816,1614744787.1113787,loss,0.0012047290802001953,64331.0,52002.0,7619.0,9838.0,0
817,1614744787.1125834,backward,0.005652904510498047,160278.0,321105.0,38051.0,56885.0,0
818,1614744787.1182363,step,0.009371280670166016,324828.0,501952.0,76103.0,95059.0,4323
819,1614744787.1276076,overhead,0.001252889633178711,32104.0,54809.0,7619.0,9869.0,0
820,1614744792.6581676,forward,0.0060961246490478516,226684.0,339172.0,45716.0,60542.0,0
821,1614744792.6642637,loss,0.0012054443359375,31494.0,57922.0,7620.0,9777.0,0
822,1614744792.6654692,backward,0.005805015563964844,194519.0,354552.0,45808.0,61536.0,0
823,1614744792.6712742,step,0.011589527130126953,356078.0,699522.0,83767.0,119876.0,4904
824,1614744792.6828637,overhead,0.001294851303100586,31250.0,57862.0,7666.0,10174.0,0
825,1614744798.3013954,forward,0.008154630661010742,254333.0,517027.0,61047.0,78107.0,1115
826,1614744798.30955,loss,0.0018658638000488281,64575.0,55359.0,15422.0,19813.0,0
827,1614744798.311416,backward,0.005711793899536133,193786.0,345824.0,45579.0,48058.0,0
828,1614744798.3171277,step,0.009423494338989258,290649.0,589110.0,68559.0,95961.0,3877
829,1614744798.3265512,overhead,0.0012786388397216797,32105.0,56397.0,7665.0,9241.0,0
830,1614744803.8927145,forward,0.0191805362701416,613157.0,1076657.0,144631.0,203980.0,0
831,1614744803.911895,loss,0.0012884140014648438,33264.0,114807.0,7711.0,10006.0,0
832,1614744803.9131835,backward,0.016437530517578125,515441.0,915586.0,129576.0,161262.0,4852
833,1614744803.929621,step,0.010200262069702148,355468.0,568358.0,76286.0,95885.0,2337
834,1614744803.9398212,overhead,0.001378774642944336,31738.0,54260.0,7619.0,19584.0,0
835,1614744809.7061281,forward,0.0074787139892578125,259704.0,405150.0,53335.0,67917.0,0
836,1614744809.7136068,loss,0.0012888908386230469,32715.0,60730.0,7620.0,9792.0,0
837,1614744809.7148957,backward,0.005712985992431641,188049.0,340576.0,46083.0,57788.0,0
838,1614744809.7206087,step,0.009431123733520508,294921.0,511534.0,68483.0,86108.0,4720
839,1614744809.7300398,overhead,0.001300811767578125,65246.0,111694.0,15147.0,18819.0,0
840,1614744815.279406,forward,0.006093502044677734,195434.0,332884.0,53290.0,58691.0,0
841,1614744815.2854996,loss,0.0012416839599609375,31616.0,55237.0,7619.0,18956.0,0
842,1614744815.2867413,backward,0.0056760311126708984,192382.0,331237.0,38143.0,46941.0,0
843,1614744815.2924173,step,0.009329795837402344,323974.0,542296.0,76103.0,94584.0,4724
844,1614744815.301747,overhead,0.0013365745544433594,31006.0,52490.0,7726.0,9180.0,0
845,1614744820.7884452,forward,0.0060994625091552734,193847.0,350707.0,45685.0,57681.0,1373
846,1614744820.7945447,loss,0.005362749099731445,161559.0,349243.0,38128.0,58278.0,0
847,1614744820.7999074,backward,0.005867719650268555,193176.0,275329.0,45854.0,48241.0,0
848,1614744820.8057752,step,0.00937032699584961,290954.0,567930.0,68621.0,96283.0,3979
849,1614744820.8151455,overhead,0.0026400089263916016,98144.0,114990.0,22812.0,19140.0,0
850,1614744826.3635597,forward,0.0067291259765625,227112.0,320556.0,53290.0,55126.0,0
851,1614744826.3702888,loss,0.0016787052154541016,32043.0,98755.0,15239.0,20899.0,0
852,1614744826.3719676,backward,0.010543584823608398,360045.0,514830.0,76423.0,107483.0,3680
853,1614744826.3825111,step,0.009859085083007812,328247.0,508666.0,76103.0,101668.0,0
854,1614744826.3923702,overhead,0.0005602836608886719,0.0,49865.0,0.0,8813.0,0
855,1614744834.0224814,forward,0.0063359737396240234,226135.0,337219.0,53382.0,66050.0,0
856,1614744834.0288174,loss,0.0012559890747070312,31982.0,57006.0,7620.0,11138.0,0
857,1614744834.0300734,backward,0.005836963653564453,194519.0,313049.0,45716.0,59915.0,2319
858,1614744834.0359104,step,0.010181903839111328,322997.0,535643.0,75597.0,102250.0,0
859,1614744834.0460923,overhead,0.0007257461547851562,0.0,0.0,0.0,11460.0,0
860,1614744839.61167,forward,0.006124258041381836,225890.0,406433.0,45670.0,72139.0,0
861,1614744839.6177943,loss,0.0012698173522949219,29969.0,61523.0,7757.0,10221.0,0
862,1614744839.619064,backward,0.005829572677612305,187499.0,331542.0,44890.0,60052.0,2637
863,1614744839.6248937,step,0.011305093765258789,355041.0,631956.0,83814.0,112042.0,0
864,1614744839.6361988,overhead,0.0006582736968994141,0.0,0.0,7436.0,0.0,0
865,1614744845.193729,forward,0.006100177764892578,192870.0,341552.0,45808.0,57911.0,671
866,1614744845.199829,loss,0.0018579959869384766,64087.0,114501.0,15285.0,19140.0,0
867,1614744845.201687,backward,0.0056836605072021484,161926.0,337829.0,37959.0,56794.0,0
868,1614744845.2073708,step,0.009359359741210938,323302.0,512755.0,76194.0,86613.0,3647
869,1614744845.21673,overhead,0.0021965503692626953,63172.0,113159.0,15376.0,19661.0,0
870,1614744851.137874,forward,0.01938462257385254,615111.0,1101133.0,144677.0,192903.0,3158
871,1614744851.1572585,loss,0.0019102096557617188,63965.0,114929.0,15330.0,20272.0,0
872,1614744851.1591687,backward,0.005642890930175781,193542.0,284545.0,45717.0,59823.0,0
873,1614744851.1648116,step,0.009370803833007812,290099.0,590025.0,68727.0,87654.0,3674
874,1614744851.1741824,overhead,0.0012431144714355469,33264.0,54138.0,7528.0,9409.0,0
875,1614744856.7195532,forward,0.0066301822662353516,225952.0,337524.0,53336.0,69814.0,0
876,1614744856.7261834,loss,0.0012314319610595703,31982.0,110900.0,7666.0,10236.0,0
877,1614744856.7274148,backward,0.0056874752044677734,161377.0,280823.0,45670.0,48639.0,0
878,1614744856.7331023,step,0.009423971176147461,323973.0,560728.0,68483.0,97996.0,4628
879,1614744856.7425263,overhead,0.001283407211303711,33448.0,54199.0,7573.0,10266.0,0
880,1614744862.3217,forward,0.008901119232177734,291503.0,503966.0,68574.0,89459.0,1305
881,1614744862.3306012,loss,0.0020301342010498047,63598.0,104553.0,15423.0,18850.0,0
882,1614744862.3326313,backward,0.0057985782623291016,194519.0,252502.0,38143.0,46343.0,0
883,1614744862.33843,step,0.009386539459228516,322326.0,540892.0,76377.0,95702.0,0
884,1614744862.3478165,overhead,0.000743865966796875,0.0,0.0,0.0,0.0,0
885,1614744867.8961618,forward,0.006041288375854492,193481.0,349609.0,45900.0,59134.0,709
886,1614744867.902203,loss,0.0018243789672851562,65674.0,56762.0,15147.0,9731.0,0
887,1614744867.9040275,backward,0.0056993961334228516,193603.0,308166.0,45670.0,58324.0,0
888,1614744867.9097269,step,0.009339094161987305,289977.0,480773.0,68713.0,94110.0,0
889,1614744867.919066,overhead,0.0006155967712402344,0.0,49255.0,7619.0,0.0,0
890,1614744873.5043213,forward,0.006055355072021484,224975.0,342040.0,44891.0,57574.0,0
891,1614744873.5103767,loss,0.001199483871459961,34668.0,56763.0,7619.0,9884.0,1180
892,1614744873.5115762,backward,0.007619142532348633,224670.0,452453.0,53336.0,77387.0,0
893,1614744873.5191953,step,0.009506464004516602,322387.0,514402.0,76148.0,87332.0,0
894,1614744873.5287018,overhead,0.0006647109985351562,0.0,0.0,0.0,9318.0,0
895,1614744878.9829903,forward,0.0062448978424072266,192260.0,264404.0,45763.0,53183.0,0
896,1614744878.9892352,loss,0.001119852066040039,33325.0,44372.0,7619.0,8859.0,0
897,1614744878.990355,backward,0.012512922286987305,384948.0,564696.0,98914.0,115102.0,3929
898,1614744879.002868,step,0.010338068008422852,356383.0,449157.0,76164.0,88786.0,0
899,1614744879.013206,overhead,0.0005967617034912109,0.0,0.0,0.0,0.0,0
